City,Country,Lat,Lng,Max Temp,Humidity,Cloudiness,Wind Speed,Current Description
Kapaa,US,22.0752,-159.319,69.78,88,0,6.91,clear sky
Pahrump,US,36.2083,-115.9839,44.65,39,85,2.77,overcast clouds
Kimberley,ZA,-28.7323,24.7623,86.65,13,0,11.65,clear sky
Lichinga,MZ,-13.3128,35.2406,63.45,96,99,2.95,light rain
Gat,IL,31.61,34.7642,54.28,100,18,18.86,few clouds
Namibe,AO,-15.1961,12.1522,76.01,75,25,11.41,scattered clouds
Ushuaia,AR,-54.8,-68.3,56.82,62,75,26.46,broken clouds
Souillac,MU,-20.5167,57.5167,79.18,78,40,5.75,scattered clouds
Ilulissat,GL,69.2167,-51.1,1.42,39,15,0.0,few clouds
Punta Arenas,CL,-53.15,-70.9167,51.91,54,40,43.73,scattered clouds
Fort Nelson,CA,58.8053,-122.7002,-14.06,81,100,4.61,light snow
Sorland,NO,67.667,12.6934,40.86,75,75,23.02,broken clouds
Asyut,EG,27.181,31.1837,68.18,43,1,9.44,clear sky
Busselton,AU,-33.65,115.3333,59.27,88,2,7.63,clear sky
Coquimbo,CL,-29.9533,-71.3436,71.33,56,20,10.36,few clouds
Kavieng,PG,-2.5744,150.7967,81.59,80,100,9.28,light rain
Kirakira,SB,-10.4544,161.9205,79.86,85,97,5.61,overcast clouds
Zuwarah,LY,32.9312,12.082,66.67,57,5,5.79,clear sky
Vaini,TO,-21.2,-175.2,75.36,94,75,3.44,light rain
Thompson,CA,55.7435,-97.8558,-12.84,77,40,8.05,scattered clouds
Barrow,US,71.2906,-156.7887,-9.38,77,0,12.66,clear sky
Cape Town,ZA,-33.9258,18.4232,80.1,39,0,10.36,clear sky
Ahipara,NZ,-35.1667,173.1667,61.05,92,4,5.86,clear sky
Sayansk,RU,54.1088,102.1648,-14.69,97,19,3.15,few clouds
Rikitea,PF,-23.1203,-134.9692,76.86,77,27,11.3,scattered clouds
Ola,RU,59.5833,151.2833,9.95,77,91,8.88,overcast clouds
Mataura,NZ,-46.1927,168.8643,51.24,92,100,0.92,overcast clouds
Kodiak,US,57.79,-152.4072,38.71,87,100,10.36,light rain
Grand-Santi,GF,4.25,-54.3833,78.53,95,83,4.68,broken clouds
Kloulklubed,PW,7.0419,134.2556,73.9,75,100,9.42,overcast clouds
Nanortalik,GL,60.1432,-45.2371,27.84,72,100,11.03,overcast clouds
Selishche,RU,56.8879,33.2691,14.27,97,94,7.47,overcast clouds
Faanui,PF,-16.4833,-151.75,80.35,73,9,11.88,clear sky
Boa Vista,BR,2.8197,-60.6733,84.18,61,75,11.5,broken clouds
Takaka,NZ,-40.85,172.8,62.56,79,15,1.7,few clouds
Pelym,RU,61.0108,61.9978,10.15,90,5,6.31,clear sky
Ribeira Grande,PT,38.5167,-28.7,59.77,58,20,9.22,few clouds
New Norfolk,AU,-42.7826,147.0587,59.72,77,96,2.68,overcast clouds
Tiksi,RU,71.6872,128.8694,-8.14,84,100,13.51,overcast clouds
Machali,CL,-34.1833,-70.6667,63.68,68,75,3.44,broken clouds
Tuatapere,NZ,-46.1333,167.6833,52.02,89,99,0.76,overcast clouds
Ilebo,CD,-4.3167,20.5833,82.2,64,76,2.57,broken clouds
Mutsu,JP,41.2894,141.2169,36.27,79,57,6.8,broken clouds
Tazovskiy,RU,67.4667,78.7,-1.01,98,61,9.1,broken clouds
Sitka,US,57.0531,-135.33,48.09,61,100,16.11,light rain
Bredasdorp,ZA,-34.5322,20.0403,71.35,60,0,13.38,clear sky
Aklavik,CA,68.2191,-135.0107,-27.99,99,100,5.88,overcast clouds
Rayong,TH,12.8333,101.4333,72.84,59,69,3.94,broken clouds
Hilo,US,19.7297,-155.09,75.27,80,0,5.75,clear sky
Mandera,KE,3.9366,41.867,92.79,25,64,8.03,broken clouds
Batagay-Alyta,RU,67.8006,130.4114,-18.44,88,82,2.51,broken clouds
Torbay,CA,47.6666,-52.7314,38.88,91,75,11.5,broken clouds
Atuona,PF,-9.8,-139.0333,77.67,79,78,14.56,broken clouds
Grand Forks,US,47.9417,-97.4337,-7.67,71,100,6.91,overcast clouds
Hermanus,ZA,-34.4187,19.2345,78.8,64,0,8.66,clear sky
Jamestown,US,42.097,-79.2353,16.02,76,100,13.8,overcast clouds
Kampong Thum,KH,12.7111,104.8887,67.48,71,91,3.85,overcast clouds
Haapiti,PF,-17.5667,-149.8667,74.93,78,10,7.29,light rain
Nago,JP,26.5881,127.9761,57.63,67,66,9.37,broken clouds
Butaritari,KI,3.0707,172.7902,80.62,82,55,15.75,light rain
Alofi,NU,-19.0595,-169.9187,73.29,94,83,2.3,light rain
Kismayo,SO,-0.3582,42.5454,79.0,79,92,16.06,overcast clouds
Tuktoyaktuk,CA,69.4541,-133.0374,-32.8,75,0,8.05,clear sky
Zhigansk,RU,66.7697,123.3711,-18.87,97,100,20.51,overcast clouds
Aguimes,ES,27.9054,-15.4461,69.66,64,20,10.36,few clouds
Esperance,AU,-33.8667,121.9,63.48,87,31,7.56,scattered clouds
La Union,PE,-5.4,-80.75,82.72,48,45,4.81,scattered clouds
Vanimo,PG,-2.6741,141.3028,77.86,89,100,7.43,overcast clouds
Victoria,HK,22.2855,114.1577,62.26,69,1,5.01,clear sky
Wajir,KE,1.7471,40.0573,93.16,36,40,5.75,scattered clouds
Bluff,NZ,-46.6,168.3333,56.19,87,100,3.33,overcast clouds
Albany,US,42.6001,-73.9662,22.57,66,38,6.29,scattered clouds
Tukums,LV,56.9669,23.1553,22.35,92,100,14.85,light snow
Avarua,CK,-21.2078,-159.775,69.85,100,20,2.3,few clouds
Astoria,US,46.1879,-123.8313,53.49,94,100,19.57,light rain
Cochrane,CA,51.1834,-114.4687,32.4,80,75,6.91,broken clouds
Gannan,CN,47.9147,123.5031,2.43,98,100,2.24,overcast clouds
Lorengau,PG,-2.0226,147.2712,80.87,78,94,7.11,overcast clouds
Zelenoborskiy,RU,66.845,32.3622,20.26,87,100,9.84,overcast clouds
Muisne,EC,0.6,-80.0333,73.85,92,100,6.78,moderate rain
Avera,US,33.194,-82.5271,32.56,19,10,5.59,clear sky
College,US,64.8569,-147.8028,-0.42,74,40,5.75,light snow
Talgar,KZ,43.3027,77.2395,8.76,92,20,4.47,smoke
Namatanai,PG,-3.6667,152.4333,79.47,82,97,6.38,overcast clouds
Chuy,UY,-33.6971,-53.4616,73.22,43,1,12.37,clear sky
Mount Gambier,AU,-37.8333,140.7667,63.77,61,0,5.66,clear sky
Yellowknife,CA,62.456,-114.3525,-12.48,77,100,14.97,light snow
Pacific Grove,US,36.6177,-121.9166,55.09,85,0,5.01,clear sky
Payo,ID,-3.7508,103.6372,72.91,96,100,2.21,overcast clouds
Vaitape,PF,-16.5167,-151.75,80.4,73,9,11.79,clear sky
Sevsk,RU,52.1491,34.4926,28.11,97,94,7.05,overcast clouds
Constitucion,CL,-35.3333,-72.4167,65.17,70,79,9.69,broken clouds
Merauke,ID,-8.4667,140.3333,81.41,81,100,6.8,overcast clouds
Akyab,MM,20.15,92.9,72.27,69,0,8.88,clear sky
Bogoslovka,RU,53.2084,44.8013,30.11,94,100,7.36,overcast clouds
Port Alfred,ZA,-33.5906,26.891,72.18,70,88,5.99,overcast clouds
East London,ZA,-33.0153,27.9116,70.74,68,100,9.22,overcast clouds
Karratha,AU,-20.7377,116.8463,81.45,72,55,12.39,light rain
Chadiza,ZM,-14.0678,32.4392,70.56,84,84,5.08,moderate rain
Lebu,CL,-37.6167,-73.65,65.61,70,77,10.6,broken clouds
Da Nang,VN,16.0678,108.2208,66.18,94,75,0.0,broken clouds
Anadyr,RU,64.75,177.4833,14.5,79,0,6.71,clear sky
Mbaiki,CF,3.8678,17.9892,90.61,23,74,4.03,broken clouds
Marawi,PH,7.9986,124.2928,67.71,97,100,1.77,overcast clouds
Longyearbyen,SJ,78.2186,15.6401,12.04,62,40,21.85,scattered clouds
Waddan,LY,29.1614,16.139,64.65,56,21,8.75,few clouds
Nikolskoye,RU,59.7035,30.7861,19.29,93,22,8.19,few clouds
Kotovo,RU,50.3211,44.8012,27.55,73,57,5.3,broken clouds
Labuhan,ID,-6.8844,112.2051,78.49,84,99,13.6,light rain
Puerto Ayora,EC,-0.7393,-90.3518,78.76,88,62,7.0,broken clouds
Ikongo,MG,-21.8833,47.4333,72.34,97,58,3.09,light rain
Moree,AU,-29.4667,149.85,69.12,57,0,9.75,clear sky
Mar Del Plata,AR,-38.0023,-57.5575,70.83,68,20,6.91,few clouds
Qaanaaq,GL,77.484,-69.3632,-12.01,91,100,0.81,overcast clouds
Birin,NP,26.8865,88.0718,45.82,63,88,5.39,overcast clouds
Suba,PH,10.8438,121.0102,79.36,78,100,30.87,overcast clouds
Fortuna,US,40.5982,-124.1573,59.94,95,100,11.5,light rain
Castro,BR,-24.7911,-50.0119,75.33,66,68,5.19,broken clouds
Saldanha,ZA,-33.0117,17.9442,77.05,71,0,13.24,clear sky
Amahai,ID,-3.3333,128.9167,77.05,90,100,5.3,moderate rain
Kudahuvadhoo,MV,2.6708,72.8944,81.82,73,90,15.21,overcast clouds
Columbia,US,34.0007,-81.0348,34.5,57,0,3.44,clear sky
Nusaybin,TR,37.0778,41.2178,49.59,71,75,6.91,broken clouds
Mehamn,NO,71.0357,27.8492,22.91,79,20,11.5,few clouds
Ozinki,RU,51.1786,49.6769,23.31,75,87,6.82,overcast clouds
Richards Bay,ZA,-28.783,32.0377,68.88,93,100,7.16,moderate rain
Chama,CH,47.1821,8.4636,49.6,94,100,2.3,moderate rain
Agadir,MA,30.4202,-9.5982,79.25,25,0,15.7,clear sky
Khatanga,RU,71.9667,102.5,-38.99,100,39,2.82,scattered clouds
Luba,GQ,3.4568,8.5547,87.69,75,84,5.99,broken clouds
Port Elizabeth,ZA,-33.918,25.5701,77.09,67,0,25.32,clear sky
Augusto Correa,BR,-1.0217,-46.635,88.61,53,73,9.75,broken clouds
Port Blair,IN,11.6667,92.75,80.64,69,40,5.75,haze
Sterling,US,39.0062,-77.4286,28.71,53,40,3.44,scattered clouds
Asfi,MA,32.2994,-9.2372,71.01,47,1,6.87,clear sky
Comodoro Rivadavia,AR,-45.8667,-67.5,84.06,23,0,28.77,clear sky
Pafos,CY,34.7667,32.4167,58.78,44,20,4.61,few clouds
Mvangue,CM,2.9667,11.5167,81.3,40,100,2.01,overcast clouds
Haines Junction,CA,60.7522,-137.5108,-2.25,84,100,1.14,overcast clouds
Alvdal,NO,62.1077,10.6307,32.59,98,100,11.03,snow
San Quintin,MX,30.4833,-115.95,65.79,39,0,3.22,clear sky
Vestmannaeyjar,IS,63.4427,-20.2734,29.39,46,0,4.61,clear sky
Rosetta,EG,31.4044,30.4164,63.19,60,36,16.28,scattered clouds
Kaitangata,NZ,-46.2817,169.8464,55.0,82,100,1.95,overcast clouds
Baie-Comeau,CA,49.2168,-68.1489,13.68,67,0,18.41,clear sky
Yeppoon,AU,-23.1333,150.7333,71.38,76,52,18.16,broken clouds
Bonthe,SL,7.5264,-12.505,84.29,59,63,11.01,broken clouds
Pisco,PE,-13.7,-76.2167,71.02,88,40,9.22,scattered clouds
Hobart,AU,-42.8794,147.3294,60.06,95,40,4.61,scattered clouds
Bethel,US,41.3712,-73.414,25.16,61,0,5.75,clear sky
Pachmarhi,IN,22.4667,78.4333,57.94,68,12,1.95,few clouds
Bud,US,39.447,-86.1758,19.89,88,100,9.31,overcast clouds
Posse,BR,-14.0931,-46.3694,72.25,80,100,6.11,light rain
Camacha,PT,33.0833,-16.3333,60.22,72,20,11.5,light rain
Cockburn Town,TC,21.4612,-71.1419,79.12,73,69,15.57,broken clouds
Bonavista,CA,48.6499,-53.1147,33.89,67,42,15.08,scattered clouds
Horasan,TR,40.0458,42.1728,28.74,64,72,2.13,broken clouds
Trelew,AR,-43.249,-65.3051,93.4,17,20,19.13,few clouds
Xai-Xai,MZ,-25.0519,33.6442,78.58,73,71,10.42,broken clouds
Te Anau,NZ,-45.4167,167.7167,51.28,75,97,2.51,overcast clouds
Abu Samrah,SY,35.3029,37.1841,43.77,90,100,21.54,overcast clouds
Bilibino,RU,68.0546,166.4372,-11.13,82,13,1.39,few clouds
Ivybridge,GB,50.3904,-3.9191,47.86,79,40,15.03,scattered clouds
Pevek,RU,69.7008,170.3133,-16.67,100,42,2.21,scattered clouds
Leshukonskoye,RU,64.8989,45.7622,9.3,96,82,6.96,broken clouds
Dunedin,NZ,-45.8742,170.5036,59.81,88,100,3.8,overcast clouds
Klaksvik,FO,62.2266,-6.589,32.92,94,100,55.63,light snow
Saint-Augustin,CA,51.226,-58.6502,22.33,78,8,11.74,clear sky
Mecca,SA,21.4267,39.8261,69.12,48,6,12.57,clear sky
Urubicha,BO,-15.3833,-62.95,90.12,45,87,3.76,overcast clouds
Jalu,LY,29.0331,21.5482,63.23,49,0,8.41,clear sky
Lashio,MM,22.9333,97.75,53.78,78,6,1.74,clear sky
Pala,TD,9.3642,14.9046,86.18,17,8,8.34,clear sky
Isangel,VU,-19.55,169.2667,75.31,94,20,0.0,few clouds
Thai Nguyen,VN,21.5928,105.8442,64.18,81,100,0.81,overcast clouds
Hasaki,JP,35.7333,140.8333,37.8,50,0,14.27,clear sky
Port Moresby,PG,-9.4431,147.1797,76.42,94,40,5.75,scattered clouds
Maceio,BR,-9.6658,-35.7353,83.64,74,75,12.66,broken clouds
Cidreira,BR,-30.1811,-50.2056,72.19,77,92,12.68,overcast clouds
Roald,NO,62.5833,6.1333,42.33,65,100,12.66,overcast clouds
Tasiilaq,GL,65.6145,-37.6368,10.56,60,45,5.14,scattered clouds
Petropavlovsk-Kamchatskiy,RU,53.0452,158.6483,12.79,79,0,2.24,clear sky
Pitimbu,BR,-7.4706,-34.8086,88.39,64,85,10.74,overcast clouds
Caravelas,BR,-17.7125,-39.2481,81.03,66,99,6.82,overcast clouds
Orlik,RU,52.5178,99.825,-20.09,96,20,2.33,few clouds
Ponta Do Sol,PT,32.6667,-17.1,64.0,72,98,8.57,light rain
Kaeo,NZ,-35.1,173.7833,63.32,96,19,3.58,few clouds
Vila Franca Do Campo,PT,37.7167,-25.4333,59.41,59,6,11.39,clear sky
Port-Gentil,GA,-0.7193,8.7815,84.16,74,40,11.5,scattered clouds
Pecos,US,31.4229,-103.4932,47.25,49,0,16.11,clear sky
Sakaiminato,JP,35.55,133.2333,39.18,93,75,5.75,broken clouds
Nouadhibou,MR,20.931,-17.0347,75.18,57,0,5.75,clear sky
Kyshtovka,RU,56.555,76.6271,9.27,92,63,7.65,broken clouds
Prince Rupert,CA,54.3161,-130.3201,46.09,80,100,18.41,light rain
Nueva Gerona,CU,21.8833,-82.8,67.77,79,100,20.45,overcast clouds
Tiarei,PF,-17.5333,-149.3333,75.22,78,33,9.62,scattered clouds
Hithadhoo,MV,-0.6,73.0833,81.91,78,100,17.36,overcast clouds
Naze,JP,28.3667,129.4833,56.32,70,47,10.29,scattered clouds
Saskylakh,RU,71.9167,114.0833,-34.8,100,36,3.44,scattered clouds
Kruisfontein,ZA,-34.0033,24.7314,74.88,61,0,19.8,clear sky
Ellisras,ZA,-23.6649,27.7443,91.13,28,47,10.83,scattered clouds
Alyangula,AU,-13.8483,136.4192,83.05,76,100,13.65,overcast clouds
Eyl,SO,7.9803,49.8164,76.55,70,1,15.26,clear sky
Severo-Kurilsk,RU,50.6789,156.125,30.38,73,34,10.42,scattered clouds
Bilma,NE,18.6853,12.9164,71.96,23,1,4.94,clear sky
Palmer,US,42.1584,-72.3287,26.51,60,0,3.44,clear sky
Verkhnyaya Sinyachikha,RU,57.976,61.6673,10.53,93,72,6.6,broken clouds
Arraial Do Cabo,BR,-22.9661,-42.0278,82.36,69,40,17.27,scattered clouds
Dwarka,IN,22.2394,68.9678,72.01,41,0,11.77,clear sky
Nioki,CD,-2.7167,17.6833,82.78,65,100,1.7,overcast clouds
Talnakh,RU,69.4865,88.3972,11.21,95,100,11.86,light snow
Evensk,RU,61.95,159.2333,17.1,57,91,10.63,overcast clouds
Maxixe,MZ,-23.8597,35.3472,78.13,65,30,10.0,scattered clouds
Shieli,KZ,44.1667,66.75,30.06,72,98,6.26,overcast clouds
Beringovskiy,RU,63.05,179.3167,13.8,87,100,21.09,overcast clouds
Prainha,BR,-1.8,-53.48,89.4,48,82,5.59,broken clouds
Saint-Andre-Avellin,CA,45.7168,-75.066,15.6,78,14,9.6,few clouds
Lannion,FR,48.75,-3.4167,50.54,78,40,10.36,scattered clouds
Airai,TL,-8.9266,125.4092,60.64,95,100,0.76,overcast clouds
Hastings,GB,50.8552,0.5729,46.53,69,34,17.98,scattered clouds
Necochea,AR,-38.5473,-58.7368,72.18,40,11,5.97,few clouds
Lompoc,US,34.6391,-120.4579,55.58,87,0,0.0,clear sky
Nishihara,JP,26.1842,127.7558,61.88,60,20,11.5,few clouds
Kushiro,JP,42.975,144.3747,33.37,78,62,11.52,broken clouds
Guerrero Negro,MX,27.9769,-114.0611,65.75,38,0,2.77,clear sky
Belmonte,BR,-15.8631,-38.8828,80.8,71,99,10.09,overcast clouds
Codrington,AU,-38.2667,141.9667,62.91,70,0,8.46,clear sky
Khurda,IN,20.1833,85.6167,71.51,85,29,5.75,scattered clouds
Tabuk,PH,17.4189,121.4443,64.42,85,100,4.0,overcast clouds
Ulaangom,MN,49.9811,92.0667,-14.69,96,99,2.21,overcast clouds
Bathsheba,BB,13.2167,-59.5167,84.81,61,40,24.16,light rain
Okhotsk,RU,59.3833,143.3,-3.75,78,16,17.13,few clouds
Iquique,CL,-20.2208,-70.1431,75.24,65,3,8.9,clear sky
Berlevag,NO,70.8578,29.0864,24.6,80,100,8.05,overcast clouds
Alta Floresta,BR,-9.8756,-56.0861,80.87,72,100,5.88,overcast clouds
Kutum,SD,14.2,24.6667,63.01,20,0,10.76,clear sky
Iqaluit,CA,63.7506,-68.5145,20.93,62,100,10.0,overcast clouds
Pandan,PH,14.0453,124.1694,75.94,73,100,17.65,overcast clouds
Saint George,US,37.1041,-113.5841,36.19,75,0,0.0,clear sky
Husavik,IS,66.0449,-17.3389,20.35,73,100,10.96,overcast clouds
Praya,CV,14.9215,-23.5087,79.34,50,40,23.02,scattered clouds
Sao Filipe,CV,14.8961,-24.4956,71.6,71,48,13.89,scattered clouds
Salalah,OM,17.0151,54.0924,77.09,69,20,5.75,few clouds
Yaan,NG,7.3833,8.5667,93.49,16,29,7.81,scattered clouds
Santa Ines,BR,-3.6667,-45.38,86.5,57,96,5.73,overcast clouds
Ancud,CL,-41.8697,-73.8203,63.99,67,5,7.54,clear sky
Reconquista,AR,-29.15,-59.65,84.49,18,87,3.47,overcast clouds
Saint-Pierre,RE,-21.3393,55.4781,80.28,74,0,16.11,clear sky
Wajima,JP,37.4,136.9,41.77,69,100,8.28,light rain
Antofagasta,CL,-23.65,-70.4,70.88,61,0,9.31,clear sky
Meulaboh,ID,4.1363,96.1285,77.85,85,95,1.03,overcast clouds
Ballachulish,GB,56.6774,-5.1308,37.42,93,100,3.0,overcast clouds
Panaba,MX,21.2833,-88.2667,66.18,88,100,3.42,overcast clouds
Tricase,IT,39.9304,18.3553,58.93,88,75,6.15,broken clouds
Turayf,SA,31.6725,38.6637,46.65,87,75,11.5,broken clouds
Kisarawe,TZ,-6.9,39.0667,80.4,78,40,12.66,scattered clouds
Dingle,PH,10.9995,122.6711,73.67,84,100,10.09,overcast clouds
Palmas De Monte Alto,BR,-14.2672,-43.1619,81.0,58,100,6.51,overcast clouds
San Juan Bautista,PE,-14.0108,-75.7358,79.34,53,100,7.56,overcast clouds
Bemidji,US,47.4736,-94.8803,-0.09,80,100,3.44,overcast clouds
Broome,US,42.2506,-75.833,19.45,74,0,10.36,clear sky
Svetlyy,RU,54.675,20.1347,37.45,92,100,17.16,overcast clouds
Nantucket,US,41.2835,-70.0995,30.31,62,0,9.22,clear sky
Axim,GH,4.8699,-2.2405,83.26,51,66,8.08,broken clouds
Port Hedland,AU,-20.3167,118.5667,80.65,89,100,8.05,overcast clouds
Malanje,AO,-9.5402,16.341,69.33,91,75,6.91,light rain
Olinda,BR,-8.0089,-34.8553,85.73,54,40,11.5,scattered clouds
Riverton,US,40.5219,-111.9391,42.39,81,99,13.0,overcast clouds
Hami,CN,42.8,93.45,19.94,46,5,3.85,clear sky
Pangnirtung,CA,66.1451,-65.7125,15.8,45,75,9.22,broken clouds
Coihaique,CL,-45.5752,-72.0662,66.81,52,75,4.61,broken clouds
Sebinkarahisar,TR,40.2883,38.4236,31.77,96,100,0.67,light snow
Pokosnoye,RU,55.5258,101.0536,-12.3,96,13,2.86,few clouds
Tulun,RU,54.5611,100.5792,-12.59,99,30,3.71,scattered clouds
Narsaq,GL,60.9167,-46.05,32.22,68,100,12.57,overcast clouds
Saint-Georges,GD,12.0564,-61.7485,82.08,74,20,23.02,light rain
Lokomotivnyy,RU,53.0118,60.5684,12.45,82,100,4.41,overcast clouds
Port Macquarie,AU,-31.4333,152.9167,63.9,91,8,3.71,clear sky
Along,IN,28.1667,94.7667,53.96,97,100,2.64,overcast clouds
Whitehorse,CA,60.7161,-135.0538,5.77,77,75,18.41,broken clouds
Bambous Virieux,MU,-20.3428,57.7575,79.21,78,40,5.75,scattered clouds
Uige,AO,-7.6087,15.0613,74.41,74,89,1.88,overcast clouds
Pimenteiras,BR,-6.2453,-41.4192,93.54,33,87,7.56,overcast clouds
Mugur-Aksy,RU,50.35,90.5,0.03,81,36,5.64,scattered clouds
Rawson,AR,-43.3002,-65.1023,88.34,24,11,17.76,few clouds
Apac,UG,1.9756,32.5386,76.41,56,100,4.21,overcast clouds
Turbat,PK,26.0023,63.044,68.4,68,12,7.81,few clouds
Katangli,RU,51.7102,143.2326,10.33,94,100,13.15,light snow
Imbituba,BR,-28.24,-48.6703,79.86,77,48,11.79,scattered clouds
Wageningen,NL,51.9667,5.6667,43.03,81,100,6.91,overcast clouds
Upernavik,GL,72.7868,-56.1549,-11.18,81,33,10.92,scattered clouds
Kashi,CN,39.4547,75.9797,20.41,58,0,4.47,clear sky
Kozlovka,RU,55.8428,48.2492,-1.7,100,85,0.18,overcast clouds
Chumikan,RU,54.7183,135.315,-3.19,83,68,12.46,broken clouds
Hyeres,FR,43.1167,6.1167,60.66,86,0,4.61,clear sky
Morgantown,US,39.6295,-79.9559,21.38,62,100,8.05,overcast clouds
Ahuimanu,US,21.4447,-157.8378,72.18,92,20,4.61,few clouds
Santarem,BR,-2.4431,-54.7083,86.13,74,75,11.5,broken clouds
Morro Bay,US,35.3658,-120.8499,56.34,1,87,1.01,overcast clouds
Dikson,RU,73.5069,80.5464,-16.33,93,24,8.79,few clouds
Tuntum,BR,-5.2581,-44.6489,86.47,62,83,3.09,broken clouds
Olafsvik,IS,64.8945,-23.7142,26.04,61,99,15.01,overcast clouds
Hamilton,US,39.1834,-84.5333,18.99,81,100,9.22,mist
Faya,SA,18.3851,42.4509,55.92,80,90,7.38,overcast clouds
Pathein,MM,16.7833,94.7333,71.2,88,3,4.59,clear sky
Carnarvon,AU,-24.8667,113.6333,74.88,67,79,28.7,broken clouds
Lagoa,PT,39.05,-27.9833,55.63,55,47,7.11,scattered clouds
Minsk,BY,53.9,27.5667,20.95,96,100,14.65,snow
Baruun-Urt,MN,46.6806,113.2792,3.33,95,100,8.57,light snow
Cap Malheureux,MU,-19.9842,57.6142,79.47,69,9,5.99,clear sky
Bereda,ES,43.2686,-7.5406,56.41,91,83,1.48,broken clouds
Agua Dulce,MX,18.1333,-94.1333,60.58,89,100,5.46,light rain
Fredericton,CA,45.9454,-66.6656,30.83,61,0,10.36,clear sky
Vredendal,ZA,-31.6683,18.5012,76.46,35,0,18.59,clear sky
Springbok,ZA,-29.6643,17.8865,76.35,27,0,16.87,clear sky
Touros,BR,-5.1989,-35.4608,86.18,53,23,15.75,few clouds
Altus,US,34.6381,-99.334,45.16,68,75,8.05,broken clouds
Mao,ES,39.8885,4.2658,68.56,52,0,3.44,clear sky
Cabo San Lucas,MX,22.8909,-109.9124,70.52,76,0,11.5,clear sky
Yumen,CN,40.2833,97.2,16.5,51,100,0.96,overcast clouds
Osorno,CL,-40.5667,-73.15,72.25,60,20,5.75,few clouds
Bom Jesus,BR,-9.0744,-44.3586,87.01,49,89,7.23,overcast clouds
Natchez,US,31.5604,-91.4032,37.62,56,0,8.05,clear sky
Moerai,PF,-22.4333,-151.3333,74.93,74,85,4.47,overcast clouds
Sobolevo,RU,54.4299,31.8996,11.75,97,57,10.13,broken clouds
Viking,CA,53.1001,-111.7684,14.13,97,89,9.19,overcast clouds
Uinskoye,RU,56.8817,56.5813,-3.44,100,88,1.9,overcast clouds
Paracuru,BR,-3.41,-39.0306,82.11,54,55,15.73,broken clouds
Aswan,EG,24.0934,32.907,70.9,35,0,11.5,clear sky
Burnie,AU,-41.0667,145.9167,59.94,85,38,6.13,scattered clouds
Bengkulu,ID,-3.8004,102.2655,75.88,85,100,3.58,overcast clouds
Medicine Hat,CA,50.0501,-110.6683,42.22,72,100,20.71,overcast clouds
Sanguem,IN,15.2333,74.1667,80.08,71,65,1.1,broken clouds
Luderitz,NA,-26.6481,15.1594,69.4,63,1,20.18,clear sky
Asau,RO,46.4333,26.4,33.28,82,100,6.2,overcast clouds
Amapa,BR,1.0,-52.0,82.67,72,76,4.79,broken clouds
Darhan,MN,49.4867,105.9228,-10.3,98,62,5.23,broken clouds
Leningradskiy,RU,69.3833,178.4167,-10.28,91,18,3.78,few clouds
Gamba,GA,-2.65,10.0,81.45,74,69,7.11,light rain
Opuwo,NA,-18.0607,13.84,91.22,10,9,17.13,clear sky
Bafia,CM,4.75,11.2333,88.88,27,98,3.71,overcast clouds
Senanga,ZM,-16.1167,23.2667,82.65,47,79,3.91,broken clouds
Maracaibo,VE,10.6317,-71.6406,83.14,58,88,3.22,overcast clouds
Banyuwangi,ID,-8.2325,114.3576,75.16,89,98,1.68,overcast clouds
Padang,ID,-0.9492,100.3543,77.05,83,75,4.05,broken clouds
Cherskiy,RU,68.75,161.3,-17.82,100,100,4.36,overcast clouds
Praia Da Vitoria,PT,38.7333,-27.0667,59.25,67,40,3.91,scattered clouds
Kahului,US,20.8947,-156.47,71.83,88,0,3.44,clear sky
Sorbhog,IN,26.5,90.8667,64.98,62,44,4.36,scattered clouds
Kabare,CD,-2.4683,28.8242,63.63,95,99,2.51,moderate rain
Hengyang,CN,26.8881,112.615,46.22,59,47,4.83,scattered clouds
Mtambile,TZ,-5.3833,39.7,80.94,78,23,13.29,few clouds
Pizhanka,RU,57.4604,48.542,-5.94,100,97,2.51,overcast clouds
Rocha,UY,-34.4833,-54.3333,74.75,36,1,15.03,clear sky
Alpena,US,45.0617,-83.4327,22.1,83,100,8.05,overcast clouds
Severnyy,RU,50.677,36.5532,32.04,100,100,2.24,fog
Bodden Town,KY,19.2833,-81.25,75.92,91,40,10.36,scattered clouds
Norman Wells,CA,65.282,-126.8329,-14.76,70,100,17.27,light snow
Altay,CN,47.8667,88.1167,7.77,62,6,6.73,clear sky
Saint-Philippe,RE,-21.3585,55.7679,80.19,81,20,11.97,few clouds
Raudeberg,NO,61.9875,5.1352,38.95,56,97,32.84,light rain
Porto Novo,BJ,6.4965,2.6036,89.42,34,0,8.25,clear sky
Caceres,ES,39.522,-6.3748,59.76,77,0,3.67,clear sky
Auki,SB,-8.7676,160.7034,76.91,88,100,4.5,overcast clouds
Peniche,PT,39.3558,-9.3811,66.56,81,30,5.21,scattered clouds
Fort-Shevchenko,KZ,44.5086,50.263,33.84,66,4,7.07,clear sky
Angoram,PG,-4.0625,144.0661,74.98,99,100,1.05,overcast clouds
Ixtapa,MX,20.7,-105.2,61.83,88,0,4.61,clear sky
Flin Flon,CA,54.7682,-101.865,-9.56,70,75,5.75,broken clouds
Gazojak,TM,41.1875,61.4036,37.85,47,100,3.85,overcast clouds
Riyadh,SA,24.6877,46.7219,64.54,50,70,13.51,broken clouds
Bayonet Point,US,28.3267,-82.6834,47.95,45,96,1.99,overcast clouds
Hanzhong,CN,33.0728,107.0303,38.53,66,96,1.34,overcast clouds
Mandalgovi,MN,45.7625,106.2708,-1.12,85,62,14.63,broken clouds
Dargaville,NZ,-35.9333,173.8833,59.94,93,18,1.21,few clouds
Mantua,IT,45.1667,10.7833,51.04,91,100,3.31,overcast clouds
Ovalle,CL,-30.5983,-71.2003,73.54,50,55,5.06,broken clouds
Twentynine Palms,US,34.1356,-116.0542,65.07,34,69,7.0,broken clouds
San Policarpo,PH,12.1791,125.5072,77.9,83,100,19.48,overcast clouds
Rodrigues Alves,BR,-7.738,-72.6509,71.8,99,100,2.17,overcast clouds
Grindavik,IS,63.8424,-22.4338,19.87,53,75,10.36,broken clouds
Cayenne,GF,4.9333,-52.3333,82.44,78,75,13.8,broken clouds
Gallup,US,35.5281,-108.7426,20.16,50,94,4.45,overcast clouds
Mokhsogollokh,RU,61.4681,128.9203,-35.01,100,99,2.59,overcast clouds
Biu,NG,10.6129,12.1946,78.53,19,0,10.09,clear sky
Dhidhdhoo,MV,6.8833,73.1,81.25,78,100,14.09,overcast clouds
Itaquyry,PY,-24.9333,-55.2167,96.98,30,0,0.92,clear sky
Sao Jose Da Coroa Grande,BR,-8.8978,-35.1478,82.9,65,100,10.76,overcast clouds
Killybegs,IE,54.6333,-8.45,44.31,60,84,16.93,broken clouds
Somerset,US,40.5668,-74.5496,26.13,57,0,5.75,clear sky
Makakilo City,US,21.3469,-158.0858,70.99,88,20,4.61,few clouds
Cururupu,BR,-1.8283,-44.8683,88.07,53,57,8.39,broken clouds
Isabela,PH,6.7085,121.9711,77.05,89,100,1.34,overcast clouds
Hirara,JP,24.8,125.2833,64.92,63,40,16.98,scattered clouds
Trincomalee,LK,8.5711,81.2335,79.45,84,86,11.16,overcast clouds
Griffith,US,41.5284,-87.4237,19.31,80,100,3.44,overcast clouds
Palmares Do Sul,BR,-30.2578,-50.5097,75.9,64,86,11.12,overcast clouds
Jaguaribe,BR,-5.8906,-38.6219,95.13,28,82,8.81,broken clouds
Olmos,PE,-5.9847,-79.7453,83.77,47,99,6.15,overcast clouds
Nemuro,JP,43.3236,145.575,36.36,80,92,18.23,overcast clouds
Jesup,US,31.6074,-81.8854,39.94,38,0,0.0,clear sky
Bandarbeyla,SO,9.4942,50.8122,76.98,67,46,12.53,scattered clouds
Kindu,CD,-2.95,25.95,75.22,84,100,1.01,overcast clouds
Smalininkai,LT,55.0735,22.5793,33.21,98,100,11.52,light snow
Aktash,RU,50.3,87.7333,-8.3,86,45,3.96,scattered clouds
Laguna,US,38.421,-121.4238,50.02,97,100,0.0,fog
Homer,US,59.6425,-151.5483,39.79,74,100,18.99,light rain
Baykit,RU,61.67,96.37,2.95,99,100,3.91,overcast clouds
Chokurdakh,RU,70.6333,147.9167,-5.91,98,100,8.7,overcast clouds
Fairbanks,US,64.8378,-147.7164,-0.4,75,100,5.75,light snow
Kazachinskoye,RU,57.6953,93.2761,18.16,95,99,6.31,overcast clouds
Guanay,BO,-15.4975,-67.8797,91.74,39,86,2.64,overcast clouds
Yerbogachen,RU,61.2767,108.0108,-15.05,100,95,5.17,overcast clouds
Vila Velha,BR,-20.3297,-40.2925,78.75,96,75,8.05,broken clouds
Puerto Escondido,MX,15.85,-97.0667,77.83,78,40,5.75,scattered clouds
Jales,BR,-20.2689,-50.5458,80.64,65,100,5.23,overcast clouds
Belaya Gora,RU,68.5333,146.4167,-13.27,99,100,4.27,overcast clouds
Nioro,GM,13.35,-15.75,93.99,11,75,3.44,broken clouds
San Patricio,US,28.017,-97.5169,49.87,33,0,2.57,clear sky
Wattegama,LK,6.7989,81.4808,72.48,91,44,3.04,scattered clouds
Filingue,NE,14.3521,3.3168,83.97,15,0,15.64,clear sky
Kashary,RU,49.04,41.0056,34.2,99,100,6.76,overcast clouds
Corn Island,NI,12.1694,-83.0418,80.15,76,5,17.76,clear sky
Rosiile,RO,44.8667,23.9333,41.58,72,66,2.17,broken clouds
Buraydah,SA,26.326,43.975,61.25,51,3,9.8,clear sky
Geraldton,AU,-28.7667,114.6,68.41,68,40,19.57,scattered clouds
Rio Grande,BR,-32.035,-52.0986,77.11,58,45,13.33,scattered clouds
Rio Brilhante,BR,-21.8019,-54.5464,93.22,35,92,5.48,overcast clouds
Kempsey,AU,-31.0833,152.8333,63.95,92,13,1.99,few clouds
Le Port,RE,-20.9373,55.2919,80.6,70,24,5.77,few clouds
Lucapa,AO,-8.4192,20.7447,71.69,92,92,3.94,moderate rain
Cruz Grande,MX,16.7333,-99.1333,82.85,46,83,1.36,broken clouds
Ketchikan,US,55.3422,-131.6461,48.18,93,40,0.0,light rain
Hatillo,PR,18.4863,-66.8254,85.37,71,5,8.01,clear sky
Jurm,AF,36.8648,70.8342,33.49,47,96,4.99,overcast clouds
Yulara,AU,-25.2406,130.9889,82.51,53,33,9.64,scattered clouds
Alice Springs,AU,-23.7,133.8833,72.95,94,40,1.14,scattered clouds
Male,MV,4.1748,73.5089,84.15,79,75,12.66,broken clouds
Keetmanshoop,NA,-26.5833,18.1333,94.23,8,1,5.99,clear sky
Kenai,US,60.5544,-151.2583,34.14,65,40,28.77,scattered clouds
Huilong,CN,31.8111,121.655,37.92,64,7,7.25,clear sky
Katherine,AU,-14.4667,132.2667,80.92,83,100,4.61,overcast clouds
Colares,PT,38.7992,-9.4469,67.68,89,40,11.99,scattered clouds
Mayo,US,38.8876,-76.5119,30.31,53,0,9.22,clear sky
Lata,PT,40.1629,-8.3327,61.07,85,70,1.9,broken clouds
Seoul,KR,37.5683,126.9778,22.44,83,0,2.3,clear sky
Malinovoye Ozero,RU,51.6753,79.7825,9.79,90,100,5.57,overcast clouds
Lodwar,KE,3.1191,35.5973,91.47,30,98,10.92,overcast clouds
Pimenta Bueno,BR,-11.6725,-61.1936,80.38,76,99,2.06,overcast clouds
Gannavaram,IN,16.5333,80.8,78.78,83,40,3.44,mist
Grand Gaube,MU,-20.0064,57.6608,79.38,69,10,5.99,clear sky
Sayyan,YE,15.1718,44.3244,56.52,75,11,5.93,few clouds
La Palma,US,33.8464,-118.0467,73.9,57,75,0.0,broken clouds
Luganville,VU,-15.5333,167.1667,78.19,81,93,3.8,overcast clouds
Maine-Soroa,NE,13.2114,12.0241,75.94,22,0,15.9,clear sky
Seminole,US,28.7086,-81.2081,48.25,50,0,6.91,clear sky
Buchanan,LR,5.8808,-10.0467,83.28,66,44,9.4,scattered clouds
Balykshi,KZ,47.0667,51.8667,17.6,73,0,6.71,clear sky
Mahebourg,MU,-20.4081,57.7,79.25,78,40,5.75,scattered clouds
Watertown,US,42.3709,-71.1828,29.28,54,0,16.11,clear sky
Kavali,IN,14.9167,79.9833,76.51,87,19,5.64,few clouds
Casma,CL,-41.0082,-73.1244,71.24,44,3,7.09,clear sky
Komyshuvakha,UA,47.7176,35.5288,41.2,91,100,5.14,overcast clouds
Kingsland,US,30.8,-81.6898,43.97,40,81,4.14,broken clouds
Los Llanos De Aridane,ES,28.6585,-17.9182,59.13,86,75,6.91,drizzle
Agua Buena,PA,7.8167,-80.4,84.76,99,52,13.96,broken clouds
Havre-Saint-Pierre,CA,50.2334,-63.5986,19.4,82,99,16.75,light snow
Corsicana,US,32.0954,-96.4689,42.75,44,0,9.22,clear sky
Saint-Joseph,RE,-21.3667,55.6167,79.18,80,27,11.68,scattered clouds
Tautira,PF,-17.7333,-149.15,78.67,79,33,8.61,light rain
Ostrovnoy,RU,68.0531,39.5131,21.13,84,100,20.47,overcast clouds
Port Hardy,CA,50.6996,-127.4199,48.38,93,100,17.27,light intensity shower rain
Boyolangu,ID,-8.1181,111.8935,75.72,88,99,3.36,overcast clouds
Ladybrand,ZA,-29.1945,27.4574,76.96,39,90,1.72,overcast clouds
Roma,US,43.2128,-75.4557,23.95,65,0,6.91,clear sky
Nedjo,ET,9.5046,35.5019,61.95,48,64,2.82,broken clouds
Port Lincoln,AU,-34.7333,135.8667,75.81,56,43,8.79,scattered clouds
Fereydun Kenar,IR,36.6864,52.5225,52.36,81,100,1.95,light rain
Kavaratti,IN,10.5669,72.642,80.94,79,100,16.11,overcast clouds
Itarema,BR,-2.9248,-39.9167,86.65,52,43,17.11,scattered clouds
Katsuura,JP,35.1333,140.3,44.06,54,5,11.79,clear sky
Nelson Bay,AU,-32.7167,152.15,70.09,93,5,8.01,clear sky
Sembe,CG,1.6481,14.5806,88.11,37,38,0.16,scattered clouds
Atbasar,KZ,51.8,68.3333,5.49,89,100,4.12,overcast clouds
Muravlenko,RU,63.7898,74.523,2.12,95,12,12.21,few clouds
Sitrah,BH,26.1547,50.6206,68.0,64,75,4.61,broken clouds
Moron,AR,-34.6534,-58.6198,79.95,34,0,3.56,clear sky
Bozhou,CN,33.8772,115.7703,31.95,84,6,2.51,clear sky
Backa Topola,RS,45.8152,19.6318,50.88,80,89,8.59,overcast clouds
Jizan,SA,17.3333,42.6667,77.94,52,43,9.84,scattered clouds
Tarabuco,BO,-19.1667,-64.9167,56.28,54,71,9.4,broken clouds
Ajaccio,FR,42.0,8.9167,57.18,63,0,2.3,clear sky
Tutayev,RU,57.8853,39.5406,0.55,100,98,1.16,overcast clouds
Hoi An,VN,15.8794,108.335,66.16,81,100,6.91,overcast clouds
Sungairaya,ID,0.7,108.9,77.14,87,100,7.99,overcast clouds
Mangrol,IN,21.1167,70.1167,70.5,35,0,11.63,clear sky
Provideniya,RU,64.3833,-173.3,8.53,68,1,19.1,clear sky
Markova,UA,48.6758,24.4138,44.19,85,94,6.4,overcast clouds
Makhalino,RU,53.0854,46.2211,24.62,97,99,5.37,overcast clouds
Yining,CN,29.0361,114.5636,45.52,55,89,2.51,overcast clouds
Heiligenhafen,DE,54.3667,10.9833,42.06,87,96,26.84,overcast clouds
Lodja,CD,-3.4833,23.4333,75.92,81,84,1.3,light rain
Pemangkat,ID,1.1667,108.9667,77.2,86,100,7.72,overcast clouds
Bakaly,RU,55.1789,53.8028,23.32,94,100,1.86,overcast clouds
Ambilobe,MG,-13.2,49.05,77.65,84,85,0.87,light rain
Ampanihy,MG,-24.7,44.75,76.64,84,72,8.01,moderate rain
Naryan-Mar,RU,67.6713,53.087,17.92,95,100,7.56,overcast clouds
Kourou,GF,5.1552,-52.6478,82.45,82,49,12.24,scattered clouds
Belyy Yar,RU,53.6039,91.3903,10.85,84,100,2.24,mist
Bontang,ID,0.1333,117.5,79.14,84,100,4.14,overcast clouds
Ramhormoz,IR,31.28,49.6035,57.83,61,17,2.46,few clouds
Carbonia,IT,39.1672,8.5222,72.55,59,1,1.7,clear sky
Kupang,ID,-10.1667,123.5833,77.58,100,75,2.3,broken clouds
Shakiso,ET,5.75,38.9167,66.34,52,54,1.16,broken clouds
Muskegon,US,43.3,-86.1334,21.74,81,100,4.61,overcast clouds
Vorkuta,RU,67.5,64.0,9.77,96,99,8.86,light snow
Ngunguru,NZ,-35.6167,174.5,60.78,91,17,5.46,few clouds
Vanavara,RU,60.34,102.2797,-4.23,100,97,4.05,overcast clouds
Mandali,IQ,33.7499,45.5541,56.41,48,9,2.42,clear sky
Nagato,JP,34.3833,131.2,47.8,71,86,7.31,overcast clouds
Kizema,RU,61.113,44.8302,5.85,99,69,3.76,broken clouds
Matucana,PE,-11.85,-76.4,62.2,83,100,4.16,overcast clouds
Upata,VE,8.0086,-62.3989,81.14,64,44,7.36,scattered clouds
Gharghoda,IN,22.1667,83.35,66.45,50,0,2.55,clear sky
Turukhansk,RU,65.8167,87.9833,21.7,95,100,18.03,snow
Kilindoni,TZ,-7.9139,39.6668,80.74,81,72,14.05,light rain
Konitsa,GR,40.0486,20.7567,49.42,83,3,1.23,clear sky
Ibra,OM,22.6906,58.5334,73.99,44,2,7.58,clear sky
Brownsville,US,25.9018,-97.4975,53.55,52,100,3.44,overcast clouds
Wangqing,CN,43.3218,129.7634,0.79,97,8,2.95,clear sky
Banda Aceh,ID,5.5577,95.3222,77.76,85,96,10.8,overcast clouds
Villa Bruzual,VE,9.3328,-69.1208,89.78,38,33,4.7,scattered clouds
Fethiye,TR,36.6217,29.1164,58.87,42,0,10.31,clear sky
Lubango,AO,-14.9172,13.4925,66.13,76,92,2.17,moderate rain
Secunda,ZA,-26.55,29.1667,73.31,52,55,2.91,broken clouds
Kyren,RU,51.6828,102.1408,-3.23,81,18,1.66,few clouds
Poum,NC,-20.2333,164.0167,79.41,81,100,17.11,overcast clouds
Bubaque,GW,11.2833,-15.8333,80.76,55,86,9.24,overcast clouds
Valdivia,CL,-39.8142,-73.2459,73.49,42,5,6.62,clear sky
Piacabucu,BR,-10.4056,-36.4344,84.42,62,76,12.26,broken clouds
Tirodi,IN,21.6833,79.7,68.43,54,3,1.9,clear sky
Coahuayana,MX,18.7333,-103.6833,82.18,41,0,2.51,clear sky
Opelousas,US,30.5335,-92.0815,43.92,42,0,6.91,clear sky
Neuquen,AR,-38.9516,-68.0591,89.49,55,0,10.36,clear sky
Camden,US,39.7835,-74.9663,26.76,59,3,4.0,clear sky
Pinawa,CA,50.1489,-95.8811,-1.14,86,93,6.82,overcast clouds
Lethem,GY,3.3803,-59.7968,84.29,63,99,8.48,overcast clouds
Jacqueville,CI,5.2052,-4.4146,80.89,68,13,9.62,few clouds
Shimoda,JP,34.6667,138.95,40.1,76,99,4.52,overcast clouds
Dalby,AU,-27.1833,151.2667,62.98,83,24,17.78,few clouds
Manakara,MG,-22.1333,48.0167,77.74,82,65,8.01,broken clouds
Sola,VU,-13.8833,167.55,74.07,94,97,0.0,overcast clouds
Chulym,RU,55.0997,80.9572,9.36,84,100,10.2,overcast clouds
Portland,US,45.5234,-122.6762,58.6,95,100,15.99,overcast clouds
Booue,GA,-0.0921,11.9385,81.19,75,98,3.49,overcast clouds
Georgetown,MY,5.4112,100.3354,82.33,81,20,6.91,few clouds
Loralai,PK,30.3705,68.598,45.07,23,26,0.18,scattered clouds
Miraflores,MX,19.2167,-98.8083,53.98,58,19,1.41,few clouds
Turinskaya Sloboda,RU,57.6232,64.3858,7.14,97,91,5.59,overcast clouds
Lewistown,US,40.5992,-77.5714,21.72,78,0,5.75,clear sky
Sorong,ID,-0.8833,131.25,79.72,81,100,1.28,overcast clouds
Salinas,US,36.6777,-121.6555,57.72,85,0,9.22,clear sky
Lasa,IT,46.6166,10.7002,47.28,92,51,3.85,broken clouds
Gizo,SB,-8.103,156.8419,81.19,80,100,8.99,overcast clouds
Ula,IN,22.7225,88.5556,76.98,78,0,0.0,haze
San Juan Del Sur,NI,11.2529,-85.8705,80.82,78,20,13.8,few clouds
Mutum,BR,-19.8,-41.4383,77.99,81,87,6.31,overcast clouds
San Cristobal,VE,7.7669,-72.225,80.6,35,62,7.4,broken clouds
Kristinehamn,SE,59.3098,14.1081,37.96,97,100,13.44,light rain
Mayumba,GA,-3.432,10.6554,79.25,84,84,4.5,light rain
The Valley,AI,18.217,-63.0578,82.54,69,75,21.85,broken clouds
Manggar,ID,-2.8833,108.2667,79.56,82,99,14.0,overcast clouds
Teguise,ES,29.0605,-13.564,68.22,64,85,20.71,haze
Sept-Iles,CA,50.2001,-66.3821,16.32,62,100,8.05,overcast clouds
Paamiut,GL,61.994,-49.6678,26.6,59,100,12.82,overcast clouds
Antalaha,MG,-14.9003,50.2788,76.01,88,33,5.7,light rain
Willowmore,ZA,-33.2926,23.4895,80.4,17,0,7.27,clear sky
Thalgau,AT,47.8333,13.25,48.81,92,75,2.3,broken clouds
Teya,RU,60.3778,92.6267,18.54,90,100,9.93,overcast clouds
Monrovia,LR,6.3005,-10.7969,89.37,62,5,10.45,clear sky
Inongo,CD,-1.95,18.2667,78.73,68,100,4.25,overcast clouds
Tecoanapa,MX,16.5167,-98.75,81.25,49,91,1.57,overcast clouds
Manzil Salim,TN,35.8567,8.4765,64.38,30,0,1.83,clear sky
Praxedis Guerrero,MX,31.3667,-106.0167,38.66,33,7,4.18,clear sky
Kinwat,IN,19.6333,78.2,76.23,42,11,4.23,few clouds
Vagay,RU,57.9375,69.0217,7.16,98,90,4.92,overcast clouds
Trairi,BR,-3.2778,-39.2689,87.28,52,42,15.39,scattered clouds
Valparaiso,CL,-33.0393,-71.6273,70.03,57,40,11.5,scattered clouds
Lanxi,CN,29.2195,119.477,39.9,67,9,3.69,clear sky
Brejo,BR,-3.6844,-42.7503,94.15,35,87,4.29,overcast clouds
Ayna,PE,-12.65,-73.9167,60.75,93,100,2.46,overcast clouds
Buala,SB,-8.145,159.5921,79.32,84,94,6.6,moderate rain
Gigmoto,PH,13.7796,124.39,75.74,78,100,16.31,overcast clouds
Salinopolis,BR,-0.6136,-47.3561,84.45,68,50,13.29,scattered clouds
Waipawa,NZ,-41.4122,175.5153,50.61,92,42,2.68,scattered clouds
Kantemirovka,RU,49.7089,39.8592,34.47,98,100,6.67,overcast clouds
Metkovic,HR,43.0542,17.6483,52.27,87,18,1.77,few clouds
Kununurra,AU,-15.7667,128.7333,82.38,89,70,0.0,broken clouds
Mwinilunga,ZM,-11.7358,24.4293,69.1,92,82,4.0,light rain
Doka,SD,13.5167,35.7667,74.16,19,8,8.61,clear sky
Safaga,EG,26.7292,33.9365,68.09,51,2,17.72,clear sky
Jiujiang,CN,29.7333,115.9833,45.82,48,13,8.68,few clouds
Aykhal,RU,66.0,111.5,-1.77,96,100,18.57,overcast clouds
San Andres,CO,12.5847,-81.7006,84.22,65,20,13.8,light rain
Dzaoudzi,YT,-12.7887,45.2699,84.09,70,0,3.44,clear sky
Hovd,MN,48.0056,91.6419,-4.56,79,15,3.02,few clouds
Strezhevoy,RU,60.7333,77.5889,17.49,94,98,10.38,overcast clouds
Whitianga,NZ,-36.8333,175.7,61.52,91,48,4.16,scattered clouds
Balakovo,RU,52.0278,47.8007,26.04,93,87,4.97,overcast clouds
Sur,OM,22.5667,59.5289,75.13,71,27,16.15,scattered clouds
Tura,IN,25.5198,90.2201,61.48,68,1,2.42,clear sky
Kieta,PG,-6.2167,155.6333,79.39,85,100,5.48,overcast clouds
Lieksa,FI,63.3167,30.0167,18.28,87,88,12.73,overcast clouds
Kidal,ML,18.4411,1.4078,76.03,19,0,14.63,clear sky
Srednekolymsk,RU,67.45,153.6833,-10.12,97,100,8.48,overcast clouds
Lao Cai,VN,22.4833,103.95,61.97,84,94,1.25,overcast clouds
Bellefontaine,US,40.3612,-83.7597,17.28,80,100,4.0,overcast clouds
Vangaindrano,MG,-23.35,47.6,76.6,87,27,7.34,scattered clouds
Pavilosta,LV,56.8879,21.1859,30.11,92,100,22.3,light snow
Shakhtinsk,KZ,49.71,72.5872,3.85,95,92,3.74,overcast clouds
Usvyaty,RU,55.7456,30.7533,16.03,93,51,8.48,broken clouds
Jiangyan,CN,32.5061,120.1428,34.59,59,6,3.67,clear sky
Hofn,IS,64.2539,-15.2082,20.75,58,0,13.89,clear sky
Plettenberg Bay,ZA,-34.0527,23.3716,69.91,76,0,14.47,clear sky
Kubrat,BG,43.8,26.5,44.51,73,49,4.72,scattered clouds
Chachapoyas,PE,-6.2317,-77.869,64.62,65,100,2.77,light rain
Lazaro Cardenas,MX,17.9583,-102.2,79.52,57,0,3.02,clear sky
Muroto,JP,33.2833,134.15,49.12,64,57,6.67,broken clouds
Botesti,RO,46.8,27.8833,39.18,83,100,9.53,overcast clouds
Zhuzhou,CN,27.8333,113.15,42.93,50,94,4.92,overcast clouds
Zermatt,CH,46.0213,7.7491,36.95,93,71,18.41,broken clouds
Fukue,JP,32.6881,128.8419,49.96,60,14,16.46,few clouds
Tadine,NC,-21.55,167.8833,76.48,87,100,10.02,overcast clouds
Andenes,NO,69.3143,16.1194,31.98,80,0,12.66,clear sky
Elista,RU,46.3078,44.2558,28.92,100,62,4.47,broken clouds
Jumilla,ES,38.4792,-1.325,61.14,47,100,1.3,overcast clouds
Adrar,MR,20.5022,-10.0711,76.86,12,0,12.82,clear sky
Goedereede,NL,51.8175,3.9806,44.98,77,11,5.99,few clouds
Kolondieba,ML,11.0882,-6.8926,91.67,12,52,4.23,broken clouds
Catamarca,AR,-28.4696,-65.7852,77.77,48,26,5.01,scattered clouds
Clyde River,CA,70.4692,-68.5914,-9.17,84,100,6.91,overcast clouds
Sechura,PE,-5.5569,-80.8222,78.4,59,37,5.86,scattered clouds
Condado,CU,21.8767,-79.8403,77.34,70,92,12.08,overcast clouds
Quatre Cocos,MU,-20.2078,57.7625,79.09,72,24,13.35,few clouds
Quelimane,MZ,-17.8786,36.8883,84.15,74,40,16.11,scattered clouds
Arlit,NE,18.7369,7.3853,79.48,14,0,7.27,clear sky
Columbus,US,39.9612,-82.9988,20.05,69,75,6.91,broken clouds
Alekseyevsk,RU,57.8406,108.3492,-24.47,100,27,1.77,scattered clouds
Flinders,AU,-34.5833,150.8552,69.39,84,0,3.0,light rain
Akureyri,IS,65.6835,-18.0878,3.13,92,40,3.44,scattered clouds
Perelyub,RU,51.8667,50.3667,20.21,86,27,6.2,scattered clouds
Maniwaki,CA,46.3834,-75.966,10.78,72,27,5.75,scattered clouds
Port Augusta,AU,-32.5,137.7667,87.71,26,26,8.16,scattered clouds
Cacule,BR,-14.5033,-42.2222,78.84,64,99,9.89,overcast clouds
Locri,IT,38.2414,16.2623,65.32,69,0,6.13,clear sky
Abeche,TD,13.8292,20.8324,76.93,15,0,7.38,clear sky
Maldonado,UY,-34.6667,-54.9167,70.99,39,2,13.27,clear sky
Jaffna,LK,9.6685,80.0074,78.08,88,10,10.8,clear sky
Udachnyy,RU,66.4167,112.4,-2.56,76,100,10.87,overcast clouds
Qaqortoq,GL,60.7167,-46.0333,25.2,65,100,12.77,overcast clouds
Byron Bay,AU,-28.65,153.6167,65.95,77,73,10.04,broken clouds
Saint Anthony,US,45.0205,-93.218,5.79,72,0,9.22,clear sky
Bakonycsernye,HU,47.324,18.0751,51.62,87,100,3.31,overcast clouds
Berezovyy,RU,51.6667,135.7,1.27,99,71,2.86,broken clouds
Ganzhou,CN,28.8184,115.4327,45.41,54,69,3.78,broken clouds
May Pen,JM,17.9645,-77.2451,85.21,49,1,8.66,clear sky
Acarau,BR,-2.8856,-40.12,86.81,53,39,17.94,scattered clouds
Lamu,KE,-2.2717,40.902,82.62,81,85,17.34,overcast clouds
Hargeysa,SO,9.56,44.065,66.65,74,65,14.99,broken clouds
Half Moon Bay,US,37.4636,-122.4286,54.86,92,100,3.44,mist
Akhmeta,GE,42.0311,45.2075,32.52,68,1,2.51,clear sky
Orotukan,RU,62.2667,151.7,-10.98,100,100,2.04,overcast clouds
Woodward,US,36.4337,-99.3904,43.83,67,56,16.75,broken clouds
Aksarayskiy,RU,46.7924,48.0119,29.91,60,0,5.01,clear sky
Viedma,AR,-40.8135,-62.9967,89.58,13,9,17.76,clear sky
Osa,RU,57.2829,55.4567,-9.81,100,94,1.25,overcast clouds
Yasu,JP,35.068,136.0233,42.08,86,83,5.99,broken clouds
Sao Joao Da Barra,BR,-21.6403,-41.0511,84.29,81,78,14.41,broken clouds
Casa Nova,BR,-9.4167,-41.1333,86.13,45,91,10.71,overcast clouds
Buriti Bravo,BR,-5.8372,-43.8336,88.92,46,91,4.99,overcast clouds
Melilla,ES,35.2937,-2.9383,71.8,77,0,3.44,clear sky
Marsabit,KE,2.3284,37.9899,71.92,55,70,6.69,broken clouds
Santa Comba,ES,43.0331,-8.8093,55.69,86,61,1.7,broken clouds
Lyuban,BY,52.7985,28.0048,28.08,97,100,17.18,snow
Edd,ER,13.9297,41.6925,78.17,79,93,12.12,light rain
Ekuvukeni,ZA,-28.4675,30.1551,61.05,96,100,3.94,light rain
Kramat,ID,-8.1311,113.4499,74.21,93,100,1.83,light rain
Den Helder,NL,52.9599,4.7593,44.58,77,100,17.27,overcast clouds
General Jose Eduvigis Diaz,PY,-27.1667,-58.4167,84.24,31,43,9.01,light rain
Humaita,BR,-7.5061,-63.0208,88.83,56,94,2.66,overcast clouds
Aquin,HT,18.2833,-73.4,81.68,63,0,4.97,clear sky
Bonga,ET,7.2833,36.2333,61.88,92,76,0.2,light rain
Lavrentiya,RU,65.5833,-171.0,2.44,92,12,12.03,few clouds
